番号,番号all
1,18
2,5
3,8
4,""
5,35
6,41
7,44
8,75
9,""
10,174
11,156
12,167
13,171
14,146
15,185
16,232
17,237
18,212
19,""
20,""
21,226
21,227
22,228
23,""
24,265
25,""
26,292
27,309
28,""
29,295
30,313
30,314
30,315
31,430
32,319
33,432
34,431
35,434
36,273
37,""
38,275
39,296
40,279
41,""
42,331
43,335
44,263
45,465
46,""
47,""
48,496
49,502
50,510
51,512
52,488
53,490
54,533
55,""
56,527
57,517
58,542
59,546
60,549
61,440
62,442
63,443
64,""
65,345
66,363
67,""
68,351
69,350
70,""
71,386
72,396
73,404
74,""
75,565
76,574
77,""
78,""
79,""
80,592
81,593
82,604
83,614
84,617
85,623
86,627
87,683
88,698
89,707
90,753
91,""
92,832
93,906
94,929
95,""
96,1004
97,973
98,1020
99,1033
100,""
